employee_id,first_name,last_name,manager_id
1233,Aishwarya,aa,1
124, Amrita,bb,2
125,Anika,cc,3
126,Anjali,dd,4
127,Aparna,ee,5
128, Aradhya,ff,6
129,Avni,gg,7
130,Bhavya,hh,8
131,Charvi,ii,9
132, Chhavi,jj,10
133, Divya,kk,1
134, Gauri,ll,2
135, Ishita,mm,3
136, Jaya,nn,4
137,Jyoti,oo,5
138,Aishwarya,pp,6
139, Amrita,qq,7
140,Anika,rr,8
141,Anjali,ss,9
142,Aparna,tt,10
143, Aradhya,uu,1
144,Avni,vv,2
145,Bhavya,ww,3
146,Charvi,xx,4
147, Chhavi,yy,5
148, Divya,zz,6
149, Gauri,aa,7
150, Ishita,bb,8
151, Jaya,cc,9
152,Jyoti,dd,10
153,Aishwarya,ee,1
154, Amrita,ff,2
155,Anika,gg,3
156,Anjali,hh,4
157,Aparna,ii,5
158, Aradhya,jj,6
159,Avni,kk,7
160,Bhavya,ll,8
161,Charvi,mm,9
162, Chhavi,nn,10
163, Divya,oo,1
164, Gauri,pp,2
165, Ishita,qq,3
166, Jaya,rr,4
167,Jyoti,ss,5
168,Aishwarya,tt,6
169, Amrita,uu,7
170,Anika,vv,8
171,Anjali,ww,9
172,Aparna,xx,10
173, Aradhya,yy,1
174,Avni,aa,2
175,Bhavya,bb,3
176,Charvi,cc,4
177, Chhavi,dd,5
178, Divya,ee,6
179, Gauri,ff,7
180, Ishita,gg,8
181, Jaya,hh,9
182,Jyoti,ii,10
183,Aishwarya,jj,1
184, Amrita,kk,2
185,Anika,ll,3
186,Anjali,mm,4
187,Aparna,nn,5
188, Aradhya,oo,6
189,Avni,pp,7
190,Bhavya,qq,8
191,Charvi,rr,9
192, Chhavi,ss,10
193, Divya,tt,1
194, Gauri,uu,2
195, Ishita,vv,3
196, Jaya,ww,4
197,Jyoti,xx,5
198,seema,yy,6
199,meena,zz,7
200,kali,zzz,8
